,OverallQual,OverallCond,YearBuilt,YearRemodAdd,GrLivArea,TotalBsmtSF,TotalSF,TotalBathrooms,HouseAge,RemodAge,GarageCars,GarageArea,LotArea,Neighborhood,ExterQual,KitchenQual,MSZoning,FullBath,BedroomAbvGr,Prix_reel,Prix_predit,Erreur_absolue
898,9,5,2009,2010,2364,2330.0,4694.0,3.5,1,0,3.0,820.0,12919,NridgHt,Ex,Ex,RL,2,2,611657.0,466012.009410124,145644.99058987602
581,8,5,2008,2009,2042,2042.0,4084.0,2.5,2,1,3.0,1390.0,12704,NridgHt,Ex,Ex,RL,2,3,253293.0,386068.42408826505,132775.42408826505
261,8,5,2007,2007,2574,1482.0,4056.0,2.5,3,3,3.0,868.0,9588,CollgCr,Gd,Ex,RL,2,3,276000.0,377403.4769326501,101403.47693265008
218,7,9,1939,2006,1954,798.0,2752.0,2.0,71,4,2.0,431.0,15660,Crawfor,Gd,Gd,RL,1,3,311500.0,216459.621213585,95040.378786415
332,8,5,2003,2004,1629,3206.0,4835.0,3.0,7,6,3.0,880.0,10655,NridgHt,Gd,Gd,RL,2,3,284000.0,369364.4239166391,85364.42391663912
231,8,5,1995,1996,2794,1462.0,4256.0,3.5,15,14,3.0,810.0,15138,NoRidge,Gd,Ex,RL,2,4,403000.0,486484.6925314931,83484.69253149308
1046,9,5,2005,2006,2868,1992.0,4860.0,3.5,5,4,3.0,716.0,16056,StoneBr,Gd,Ex,RL,3,4,556581.0,475559.51694868965,81021.48305131035
588,5,8,1968,2003,1473,1437.0,2910.0,3.0,42,7,1.0,452.0,25095,ClearCr,TA,Ex,RL,1,1,143000.0,219820.3028586679,76820.30285866791
691,10,6,1994,1995,4316,2444.0,6760.0,4.0,16,15,3.0,832.0,21535,NoRidge,Ex,Ex,RL,3,4,755000.0,683183.435401265,71816.56459873496
774,8,5,2006,2006,1973,1935.0,3908.0,2.0,4,4,3.0,895.0,14226,NridgHt,Gd,Gd,RL,2,3,395000.0,331163.37265850644,63836.62734149356
