Feature,Importance
numerique__TotalSF,0.4546061528887666
numerique__OverallQual,0.31198908775765877
numerique__TotalBathrooms,0.03388126837379055
numerique__LotArea,0.024255265660272633
numerique__GarageCars,0.02391460286709525
numerique__HouseAge,0.022716087389864078
numerique__GrLivArea,0.020248621567376557
numerique__YearBuilt,0.019385905992883413
numerique__YearRemodAdd,0.011670390539100515
categorielle__KitchenQual_Ex,0.01054066138473296
numerique__RemodAge,0.009910575466228696
numerique__OverallCond,0.009790417824311039
numerique__TotalBsmtSF,0.008990676897791877
numerique__GarageArea,0.008912724541017426
categorielle__Neighborhood_Edwards,0.006536413282960574
categorielle__Neighborhood_NoRidge,0.004099010510938243
categorielle__KitchenQual_TA,0.0035748808292464813
categorielle__Neighborhood_Crawfor,0.0031442335845782068
categorielle__Neighborhood_StoneBr,0.0023673972890635537
categorielle__KitchenQual_Gd,0.0023392890838283944
categorielle__MSZoning_RM,0.002147573229000287
numerique__BedroomAbvGr,0.0015106736139171928
categorielle__Neighborhood_NAmes,0.0008564049305636051
categorielle__Neighborhood_ClearCr,0.0007189960348877112
categorielle__Neighborhood_Veenker,0.0005428705434997247
categorielle__Neighborhood_BrkSide,0.0002962611993339926
categorielle__MSZoning_C (all),0.00021869431467875302
categorielle__Neighborhood_OldTown,0.00017036650623113443
categorielle__Neighborhood_Mitchel,0.0001621892580439813
categorielle__ExterQual_Ex,0.00011973152502667358
categorielle__MSZoning_FV,0.00010196434849638618
categorielle__Neighborhood_Blmngtn,5.9219563735974104e-05
categorielle__ExterQual_Gd,5.48928886018396e-05
categorielle__Neighborhood_NridgHt,4.882188479239375e-05
categorielle__MSZoning_RL,3.630473261491493e-05
categorielle__Neighborhood_SWISU,3.585845180207564e-05
categorielle__Neighborhood_IDOTRR,2.6848256983772618e-05
numerique__FullBath,1.0695280632927112e-05
categorielle__Neighborhood_Somerst,7.969705650864655e-06
categorielle__Neighborhood_Blueste,0.0
categorielle__Neighborhood_BrDale,0.0
categorielle__Neighborhood_CollgCr,0.0
categorielle__Neighborhood_Gilbert,0.0
categorielle__Neighborhood_MeadowV,0.0
categorielle__Neighborhood_NPkVill,0.0
categorielle__Neighborhood_SawyerW,0.0
categorielle__Neighborhood_Sawyer,0.0
categorielle__Neighborhood_NWAmes,0.0
categorielle__Neighborhood_Timber,0.0
categorielle__ExterQual_TA,0.0
categorielle__ExterQual_Fa,0.0
categorielle__KitchenQual_Fa,0.0
categorielle__MSZoning_RH,0.0
